{
	"credit": "Made with Blockbench",
	"texture_size": [32, 32],
	"textures": {
		"0": "texture",
		"particle": "texture"
	},
	"elements": [
		{
			"from": [7, 7, 7],
			"to": [9, 16, 9],
			"rotation": {"angle": 0, "axis": "y", "origin": [8, 11.225, 7.97342]},
			"faces": {
				"north": {"uv": [1, 1, 2, 5.5], "texture": "#0"},
				"east": {"uv": [0, 1, 1, 5.5], "texture": "#0"},
				"south": {"uv": [3, 1, 4, 5.5], "texture": "#0"},
				"west": {"uv": [2, 1, 3, 5.5], "texture": "#0"},
				"up": {"uv": [2, 1, 1, 0], "texture": "#0"},
				"down": {"uv": [3, 0, 2, 1], "texture": "#0"}
			}
		},
		{
			"from": [7, -9, 7],
			"to": [9, 7, 9],
			"rotation": {"angle": 0, "axis": "y", "origin": [8, 11.225, 7.97342]},
			"faces": {
				"north": {"uv": [1, 1, 2, 9], "texture": "#0"},
				"east": {"uv": [0, 1, 1, 9], "texture": "#0"},
				"south": {"uv": [3, 1, 4, 9], "texture": "#0"},
				"west": {"uv": [2, 1, 3, 9], "texture": "#0"},
				"up": {"uv": [2, 1, 1, 0], "texture": "#0"},
				"down": {"uv": [3, 0, 2, 1], "texture": "#0"}
			}
		},
		{
			"from": [6.8, 2.8, 6.8],
			"to": [9.2, 9.2, 9.2],
			"rotation": {"angle": 0, "axis": "y", "origin": [8, 11.225, 7.97342]},
			"faces": {
				"north": {"uv": [5, 1, 6, 4], "texture": "#0"},
				"east": {"uv": [4, 1, 5, 4], "texture": "#0"},
				"south": {"uv": [7, 1, 8, 4], "texture": "#0"},
				"west": {"uv": [6, 1, 7, 4], "texture": "#0"},
				"up": {"uv": [6, 1, 5, 0], "texture": "#0"},
				"down": {"uv": [7, 0, 6, 1], "texture": "#0"}
			}
		},
		{
			"from": [6, 16, 6],
			"to": [10, 18, 10],
			"rotation": {"angle": 0, "axis": "y", "origin": [8, 5.225, 7.97342]},
			"faces": {
				"north": {"uv": [10, 2, 12, 3], "texture": "#0"},
				"east": {"uv": [8, 2, 10, 3], "texture": "#0"},
				"south": {"uv": [14, 2, 16, 3], "texture": "#0"},
				"west": {"uv": [12, 2, 14, 3], "texture": "#0"},
				"up": {"uv": [12, 2, 10, 0], "texture": "#0"},
				"down": {"uv": [14, 0, 12, 2], "texture": "#0"}
			}
		},
		{
			"from": [6.9, -9.1, 6.9],
			"to": [9.1, -6.9, 9.1],
			"rotation": {"angle": 0, "axis": "y", "origin": [8, 11.225, 7.97342]},
			"faces": {
				"north": {"uv": [11, 2, 12, 3], "texture": "#0"},
				"east": {"uv": [10, 2, 11, 3], "texture": "#0"},
				"south": {"uv": [13, 2, 14, 3], "texture": "#0"},
				"west": {"uv": [12, 2, 13, 3], "texture": "#0"},
				"up": {"uv": [12, 2, 11, 1], "texture": "#0"},
				"down": {"uv": [13, 1, 12, 2], "texture": "#0"}
			}
		},
		{
			"from": [5, 17, 7],
			"to": [11, 18, 9],
			"rotation": {"angle": 0, "axis": "y", "origin": [8, 5.225, 7.97342]},
			"faces": {
				"north": {"uv": [9, 2.5, 12, 3], "texture": "#0"},
				"east": {"uv": [8, 2.5, 9, 3], "texture": "#0"},
				"south": {"uv": [13, 2.5, 16, 3], "texture": "#0"},
				"west": {"uv": [12, 2.5, 13, 3], "texture": "#0"},
				"up": {"uv": [12, 2.5, 9, 1.5], "texture": "#0"},
				"down": {"uv": [15, 1.5, 12, 2.5], "texture": "#0"}
			}
		},
		{
			"from": [4, 17, 7],
			"to": [5, 21, 9],
			"rotation": {"angle": 0, "axis": "y", "origin": [8, 5.225, 7.97342]},
			"faces": {
				"north": {"uv": [12, 1, 12.5, 3], "texture": "#0"},
				"east": {"uv": [11, 1, 12, 3], "texture": "#0"},
				"south": {"uv": [13.5, 1, 14, 3], "texture": "#0"},
				"west": {"uv": [12.5, 1, 13.5, 3], "texture": "#0"},
				"up": {"uv": [12.5, 1, 12, 0], "texture": "#0"},
				"down": {"uv": [13, 0, 12.5, 1], "texture": "#0"}
			}
		},
		{
			"from": [11, 17, 7],
			"to": [12, 21, 9],
			"rotation": {"angle": 0, "axis": "y", "origin": [8, 5.225, 7.97342]},
			"faces": {
				"north": {"uv": [12.5, 1, 12, 3], "texture": "#0"},
				"east": {"uv": [13.5, 1, 12.5, 3], "texture": "#0"},
				"south": {"uv": [14, 1, 13.5, 3], "texture": "#0"},
				"west": {"uv": [12, 1, 11, 3], "texture": "#0"},
				"up": {"uv": [12, 1, 12.5, 0], "texture": "#0"},
				"down": {"uv": [12.5, 0, 13, 1], "texture": "#0"}
			}
		},
		{
			"from": [4.1, 18.44198, 10.12693],
			"to": [11.9, 19.24198, 17.27693],
			"rotation": {"angle": -22.5, "axis": "x", "origin": [8, 5.225, 7.97342]},
			"faces": {
				"north": {"uv": [3.5, 15.5, 7.5, 16], "texture": "#0"},
				"east": {"uv": [0, 15.5, 3.5, 16], "texture": "#0"},
				"south": {"uv": [11, 15.5, 15, 16], "texture": "#0"},
				"west": {"uv": [7.5, 15.5, 11, 16], "texture": "#0"},
				"up": {"uv": [7.5, 15.5, 3.5, 12], "texture": "#0"},
				"down": {"uv": [11.5, 12, 7.5, 15.5], "texture": "#0"}
			}
		},
		{
			"from": [4.05, 15.102, -6.09378],
			"to": [11.95, 16.002, 1.15622],
			"rotation": {"angle": 45, "axis": "x", "origin": [8, 5.225, 7.97342]},
			"faces": {
				"north": {"uv": [3.5, 15.5, 7.5, 16], "texture": "#0"},
				"east": {"uv": [0, 15.5, 3.5, 16], "texture": "#0"},
				"south": {"uv": [11, 15.5, 15, 16], "texture": "#0"},
				"west": {"uv": [7.5, 15.5, 11, 16], "texture": "#0"},
				"up": {"uv": [7.5, 15.5, 3.5, 12], "texture": "#0"},
				"down": {"uv": [11.5, 12, 7.5, 15.5], "texture": "#0"}
			}
		},
		{
			"from": [5.8, 18.8, 5.8],
			"to": [10.2, 21.2, 10.2],
			"rotation": {"angle": 0, "axis": "y", "origin": [8, 5.225, 7.97342]},
			"faces": {
				"north": {"uv": [8, 5, 10, 6], "texture": "#0"},
				"east": {"uv": [6, 5, 8, 6], "texture": "#0"},
				"south": {"uv": [12, 5, 14, 6], "texture": "#0"},
				"west": {"uv": [10, 5, 12, 6], "texture": "#0"},
				"up": {"uv": [10, 5, 8, 3], "texture": "#0"},
				"down": {"uv": [12, 3, 10, 5], "texture": "#0"}
			}
		},
		{
			"from": [5, 18, 5],
			"to": [11, 22, 11],
			"rotation": {"angle": 0, "axis": "y", "origin": [8, 5.225, 7.97342]},
			"faces": {
				"north": {"uv": [4, 9, 7, 11], "texture": "#0"},
				"east": {"uv": [1, 9, 4, 11], "texture": "#0"},
				"south": {"uv": [10, 9, 13, 11], "texture": "#0"},
				"west": {"uv": [7, 9, 10, 11], "texture": "#0"},
				"up": {"uv": [7, 9, 4, 6], "texture": "#0"},
				"down": {"uv": [10, 6, 7, 9], "texture": "#0"}
			}
		},
		{
			"from": [6, 22, 6],
			"to": [10, 24, 10],
			"rotation": {"angle": 0, "axis": "y", "origin": [8, 5.225, 7.97342]},
			"faces": {
				"north": {"uv": [5.5, 11, 7.5, 12], "texture": "#0"},
				"east": {"uv": [3.5, 11, 5.5, 12], "texture": "#0"},
				"south": {"uv": [9.5, 11, 11.5, 12], "texture": "#0"},
				"west": {"uv": [7.5, 11, 9.5, 12], "texture": "#0"},
				"up": {"uv": [7.5, 11, 5.5, 9], "texture": "#0"},
				"down": {"uv": [9.5, 9, 7.5, 11], "texture": "#0"}
			}
		},
		{
			"from": [5.8, 23.25, 5.8],
			"to": [10.2, 25.65, 10.2],
			"rotation": {"angle": 0, "axis": "y", "origin": [8, 5.225, 7.97342]},
			"faces": {
				"north": {"uv": [12, 2, 10, 3], "texture": "#0"},
				"east": {"uv": [14, 2, 12, 3], "texture": "#0"},
				"south": {"uv": [16, 2, 14, 3], "texture": "#0"},
				"west": {"uv": [10, 2, 8, 3], "texture": "#0"},
				"up": {"uv": [10, 2, 12, 0], "texture": "#0"},
				"down": {"uv": [12, 0, 14, 2], "texture": "#0"}
			}
		}
	],
	"display": {
		"firstperson_righthand": {
			"translation": [0.25, -0.5, 0]
		},
		"firstperson_lefthand": {
			"translation": [1, 0, 0]
		},
		"ground": {
			"rotation": [22.02, 6.29, 31.5],
			"translation": [0, 4.5, 0],
			"scale": [0.60742, 0.60742, 0.60742]
		},
		"gui": {
			"rotation": [90, 45, -90],
			"scale": [0.57031, 0.57031, 0.57031]
		},
		"head": {
			"translation": [0, -2.5, 0]
		},
		"fixed": {
			"rotation": [-90, 45, 90],
			"scale": [0.66992, 0.66992, 0.66992]
		}
	},
	"groups": [
		{
			"name": "Staff",
			"origin": [8, 8, 8],
			"color": 0,
			"children": [
				0,
				1,
				2,
				3,
				4,
				5,
				6,
				7,
				8,
				9,
				{
					"name": "Bottle",
					"origin": [8, 8, 8],
					"color": 0,
					"children": [10, 11, 12, 13]
				}
			]
		}
	]
}